t_h,xmeas_1,xmeas_2,xmeas_3,xmeas_4,xmeas_5,xmeas_6,xmeas_7,xmeas_8,xmeas_9,xmeas_10,xmeas_11,xmeas_12,xmeas_13,xmeas_14,xmeas_15,xmeas_16,xmeas_17,xmeas_18,xmeas_19,xmeas_20,xmeas_21,xmeas_22,xmeas_23,xmeas_24,xmeas_25,xmeas_26,xmeas_27,xmeas_28,xmeas_29,xmeas_30,xmeas_31,xmeas_32,xmeas_33,xmeas_34,xmeas_35,xmeas_36,xmeas_37,xmeas_38,xmeas_39,xmeas_40,xmeas_41,xmv_1,xmv_2,xmv_3,xmv_4,xmv_5,xmv_6,xmv_7,xmv_8,xmv_9,xmv_10,xmv_11,xmv_12,operator_phase
3.005,0.24993,3645.163258,4493.67073,9.410246,26.748003,42.216786,2695.784703,71.079713,120.405995,0.328267,80.347875,50.499001,2625.196834,25.219386,49.708658,3091.675648,23.060492,65.953007,228.937699,341.570288,94.606493,77.303125,31.818607,9.241858,26.339342,6.798655,18.616021,1.709591,32.787162,14.41333,23.951966,1.2354,18.399531,2.366064,4.915895,2.279131,0.027922,0.806825,0.090465,53.657249,44.485676,63.05263,53.979707,24.643558,61.301921,22.21,39.13847,38.599001,46.208658,47.445735,41.105813,18.113491,50.0,
3.019,0.249301,3684.523907,4490.020988,9.330366,26.675564,42.423813,2696.62553,71.993256,120.426658,0.331173,80.332424,50.204074,2625.115327,25.27788,49.445619,3092.628057,22.366701,65.956772,228.713892,341.367097,94.602196,77.293554,31.818607,9.241858,26.339342,6.798655,18.616021,1.709591,32.787162,14.41333,23.951966,1.2354,18.399531,2.366064,4.915895,2.279131,0.027922,0.806825,0.090465,53.657249,44.485676,63.05263,53.979707,24.643558,61.301921,22.21,39.222553,38.304074,45.945619,47.445735,41.105813,18.113491,50.0,
3.033,0.252304,3659.952916,4478.013824,9.327586,26.84018,42.135839,2696.187176,71.771337,120.431205,0.330527,80.346293,50.836742,2624.881579,25.385298,50.400509,3093.013158,23.013867,65.951941,227.769614,341.417965,94.597538,77.287841,31.818607,9.241858,26.339342,6.798655,18.616021,1.709591,32.787162,14.41333,23.951966,1.2354,18.399531,2.366064,4.915895,2.279131,0.027922,0.806825,0.090465,53.657249,44.485676,63.05263,53.979707,24.643558,61.301921,22.21,39.178718,38.936742,46.900509,47.445735,41.105813,18.113491,50.0,
3.047,0.250238,3674.950284,4496.149238,9.389405,26.804667,42.557523,2696.205851,71.789066,120.427266,0.328948,80.34694,51.164443,2625.041064,26.202388,52.230806,3092.104752,23.144205,65.955066,229.273727,341.285807,94.600018,77.293485,31.818607,9.241858,26.339342,6.798655,18.616021,1.709591,32.787162,14.41333,23.951966,1.2354,18.399531,2.366064,4.915895,2.279131,0.027922,0.806825,0.090465,53.657249,44.485676,63.05263,53.979707,24.643558,61.301921,22.21,39.180585,39.264443,48.730806,47.445735,41.105813,18.113491,50.0,
3.061,0.251204,3671.016011,4516.92723,9.403324,26.907839,42.167615,2695.751626,71.421643,120.432402,0.327939,80.343866,49.869548,2624.955813,24.989895,50.725815,3092.331843,23.140445,65.957409,229.463447,341.304737,94.597137,77.287986,31.818607,9.241858,26.339342,6.798655,18.616021,1.709591,32.787162,14.41333,23.951966,1.2354,18.399531,2.366064,4.915895,2.279131,0.027922,0.806825,0.090465,53.657249,44.485676,63.05263,53.979707,24.643558,61.301921,22.21,39.135163,37.969548,47.225815,47.445735,41.105813,18.113491,50.0,
3.075,0.250248,3660.625585,4524.043076,9.461575,27.098472,42.149656,2696.063096,70.845542,120.44067,0.330026,80.342204,48.13014,2625.24152,25.321872,51.289866,3092.005321,23.337551,65.948903,227.060519,341.390098,94.606034,77.297421,31.818607,9.241858,26.339342,6.798655,18.616021,1.709591,32.787162,14.41333,23.951966,1.2354,18.399531,2.366064,4.915895,2.279131,0.027922,0.806825,0.090465,53.657249,44.485676,63.05263,53.979707,24.643558,61.301921,22.21,39.16631,36.23014,47.789866,47.445735,41.105813,18.113491,50.0,
3.089,0.250707,3653.493055,4503.290261,9.283785,26.83953,42.377977,2695.767215,71.923759,120.435921,0.328409,80.331626,50.179947,2624.871265,25.435642,50.034859,3092.678418,22.780605,65.926924,226.516842,341.284605,94.582027,77.297856,31.818607,9.241858,26.339342,6.798655,18.616021,1.709591,32.787162,14.41333,23.951966,1.2354,18.399531,2.366064,4.915895,2.279131,0.027922,0.806825,0.090465,53.657249,44.485676,63.05263,53.979707,24.643558,61.301921,22.21,39.136721,38.279947,46.534859,47.445735,41.105813,18.113491,50.0,
3.104,0.251161,3652.574006,4492.412233,9.356002,26.743338,42.644367,2696.28284,72.167564,120.45441,0.329423,80.354517,47.897932,2625.086171,25.168924,49.576602,3092.245885,22.35228,65.965933,228.671413,341.35552,94.607457,77.303209,32.120178,9.144866,26.116375,6.800786,18.536428,1.730225,32.840647,14.230167,23.875927,1.034045,18.308193,2.369825,4.922557,2.316736,0.027922,0.806825,0.090465,53.657249,44.485676,63.05263,53.979707,24.643558,61.301921,22.21,39.188284,35.997932,46.076602,47.445735,41.105813,18.113491,50.0,
3.118,0.249693,3660.380685,4476.812982,9.283578,26.68346,42.295361,2696.151187,71.3896,120.439802,0.33196,80.357294,49.929822,2625.194346,24.403694,50.024028,3093.221666,22.588293,65.968503,229.804993,341.424765,94.595129,77.303428,32.120178,9.144866,26.116375,6.800786,18.536428,1.730225,32.840647,14.230167,23.875927,1.034045,18.308193,2.369825,4.922557,2.316736,0.027922,0.806825,0.090465,53.657249,44.485676,63.05263,53.979707,24.643558,61.301921,22.21,39.175119,38.029822,46.524028,47.445735,41.105813,18.113491,50.0,
3.132,0.250063,3651.048692,4501.110216,9.352608,26.633426,42.286603,2696.416228,72.307233,120.451569,0.327933,80.339086,48.91339,2625.642866,24.951904,49.920099,3092.876961,23.613106,65.944233,228.710348,341.301776,94.596247,77.31225,32.120178,9.144866,26.116375,6.800786,18.536428,1.730225,32.840647,14.230167,23.875927,1.034045,18.308193,2.369825,4.922557,2.316736,0.027922,0.806825,0.090465,53.657249,44.485676,63.05263,53.979707,24.643558,61.301921,22.21,39.201623,37.01339,46.420099,47.445735,41.105813,18.113491,50.0,
3.145,0.250523,3656.051831,4562.138555,9.252025,27.216706,42.163774,2696.475923,71.807497,120.443322,0.330187,80.330658,50.299644,2624.9379,25.076385,50.039851,3092.741224,23.079288,65.928622,230.535998,341.148035,94.600803,77.303626,32.120178,9.144866,26.116375,6.800786,18.536428,1.730225,32.840647,14.230167,23.875927,1.034045,18.308193,2.369825,4.922557,2.316736,0.027922,0.806825,0.090465,53.657249,44.485676,63.05263,53.979707,24.643558,61.301921,22.21,39.207592,38.399644,46.539851,47.445735,41.105813,18.113491,50.0,
3.16,0.251402,3653.274385,4519.107923,9.383165,26.710416,42.292438,2695.629737,71.883507,120.452996,0.331205,80.351187,50.677964,2625.302086,25.136859,49.870033,3092.916113,22.655914,65.948482,227.297472,341.08538,94.60319,77.294871,32.120178,9.144866,26.116375,6.800786,18.536428,1.730225,32.840647,14.230167,23.875927,1.034045,18.308193,2.369825,4.922557,2.316736,0.027922,0.806825,0.090465,53.657249,44.485676,63.05263,53.979707,24.643558,61.301921,22.21,39.122974,38.777964,46.370033,47.445735,41.105813,18.113491,50.0,
3.173,0.250186,3670.944143,4502.406381,9.357702,26.928027,42.291056,2695.88005,72.287139,120.450545,0.32813,80.334114,49.262992,2625.186752,25.523808,48.880237,3092.429402,23.022197,65.96276,229.236841,341.605708,94.588028,77.297961,32.120178,9.144866,26.116375,6.800786,18.536428,1.730225,32.840647,14.230167,23.875927,1.034045,18.308193,2.369825,4.922557,2.316736,0.027922,0.806825,0.090465,53.657249,44.485676,63.05263,53.979707,24.643558,61.301921,22.21,39.148005,37.362992,45.380237,47.445735,41.105813,18.113491,50.0,
3.187,0.251472,3704.217817,4504.970323,9.344459,27.187107,42.125931,2696.918005,71.365098,120.436635,0.328853,80.338364,48.223988,2624.876697,24.686607,50.026444,3092.71865,23.154201,65.935575,228.626844,341.518038,94.59178,77.300535,32.120178,9.144866,26.116375,6.800786,18.536428,1.730225,32.840647,14.230167,23.875927,1.034045,18.308193,2.369825,4.922557,2.316736,0.027922,0.806825,0.090465,53.657249,44.485676,63.05263,53.979707,24.643558,61.301921,22.21,39.251801,36.323988,46.526444,47.445735,41.105813,18.113491,50.0,
3.201,0.249943,3627.299419,4517.442424,9.21128,26.830788,42.432182,2696.969548,71.553017,120.429019,0.32897,80.350691,49.886141,2624.896119,25.306401,49.557972,3092.465342,23.247479,65.925031,228.831033,341.270994,94.609002,77.288478,32.120178,9.144866,26.116375,6.800786,18.536428,1.730225,32.840647,14.230167,23.875927,1.034045,18.308193,2.369825,4.922557,2.316736,0.027922,0.806825,0.090465,53.657249,44.485676,63.05263,53.979707,24.643558,61.301921,22.21,39.256955,37.986141,46.057972,47.445735,41.105813,18.113491,50.0,
3.215,0.250593,3662.62382,4487.087593,9.333035,26.644007,42.706655,2695.996568,72.214357,120.441909,0.331826,80.336965,50.100873,2625.005807,25.125936,50.893624,3092.103262,23.016466,65.934885,227.037617,341.351676,94.589732,77.287452,32.208406,9.110666,25.80274,6.905091,18.980573,1.705682,32.811796,14.491548,23.554348,1.23751,17.803754,2.35825,4.847204,2.292385,0.027922,0.806825,0.090465,53.657249,44.485676,63.05263,53.979707,24.643558,61.301921,22.21,39.159657,38.200873,47.393624,47.445735,41.105813,18.113491,50.0,
3.23,0.248614,3651.579963,4475.334699,9.398433,26.941992,42.443002,2696.080889,71.43574,120.439079,0.32636,80.347526,50.100508,2625.173121,25.565779,49.466395,3091.871958,23.852614,65.941219,229.087588,341.29998,94.605648,77.29585,32.208406,9.110666,25.80274,6.905091,18.980573,1.705682,32.811796,14.491548,23.554348,1.23751,17.803754,2.35825,4.847204,2.292385,0.027922,0.806825,0.090465,53.657249,44.485676,63.05263,53.979707,24.643558,61.301921,22.21,39.168089,38.200508,45.966395,47.445735,41.105813,18.113491,50.0,
3.244,0.24972,3622.089843,4495.181478,9.256061,27.034944,42.436926,2695.954853,71.282819,120.437158,0.32821,80.352312,49.421264,2625.241076,24.981258,50.289817,3092.535359,23.409057,65.946926,227.330935,341.491016,94.60833,77.310861,32.208406,9.110666,25.80274,6.905091,18.980573,1.705682,32.811796,14.491548,23.554348,1.23751,17.803754,2.35825,4.847204,2.292385,0.027922,0.806825,0.090465,53.657249,44.485676,63.05263,53.979707,24.643558,61.301921,22.21,39.155485,37.521264,46.789817,47.445735,41.105813,18.113491,50.0,
3.257,0.251041,3654.213312,4527.176323,9.377882,26.693201,42.136398,2696.136578,72.277119,120.435614,0.328532,80.340079,49.044974,2624.765771,25.365594,49.829849,3092.219439,22.752033,65.938024,229.979691,341.696897,94.593222,77.290612,32.208406,9.110666,25.80274,6.905091,18.980573,1.705682,32.811796,14.491548,23.554348,1.23751,17.803754,2.35825,4.847204,2.292385,0.033637,0.821996,0.115402,53.738813,44.959684,63.05263,53.979707,24.643558,61.301921,22.21,39.173658,37.144974,46.329849,47.445735,41.105813,18.113491,50.0,
3.271,0.250438,3635.563402,4504.133576,9.469039,26.831158,42.429686,2695.732698,72.059815,120.430271,0.330855,80.323516,51.179228,2624.767784,24.809833,50.064333,3092.438225,22.409357,65.94772,228.910014,341.482884,94.588499,77.287856,32.208406,9.110666,25.80274,6.905091,18.980573,1.705682,32.811796,14.491548,23.554348,1.23751,17.803754,2.35825,4.847204,2.292385,0.033637,0.821996,0.115402,53.738813,44.959684,63.05263,53.979707,24.643558,61.301921,22.21,39.13327,39.279228,46.564333,47.445735,41.105813,18.113491,50.0,
3.285,0.250682,3670.966227,4504.186531,9.302531,26.839211,42.868337,2696.491452,71.610617,120.426606,0.331624,80.333076,49.481064,2625.323737,25.107779,51.428811,3092.103648,23.033287,65.967627,229.892086,341.375582,94.585211,77.299504,32.208406,9.110666,25.80274,6.905091,18.980573,1.705682,32.811796,14.491548,23.554348,1.23751,17.803754,2.35825,4.847204,2.292385,0.033637,0.821996,0.115402,53.738813,44.959684,63.05263,53.979707,24.643558,61.301921,22.21,39.209145,37.581064,47.928811,47.445735,41.105813,18.113491,50.0,
3.299,0.249074,3683.921786,4499.83519,9.315856,26.882392,42.139343,2696.136899,71.803331,120.431229,0.329694,80.362018,50.829179,2625.375488,25.160563,48.554843,3092.164891,22.939591,65.948263,226.935337,341.34882,94.600859,77.293057,32.208406,9.110666,25.80274,6.905091,18.980573,1.705682,32.811796,14.491548,23.554348,1.23751,17.803754,2.35825,4.847204,2.292385,0.033637,0.821996,0.115402,53.738813,44.959684,63.05263,53.979707,24.643558,61.301921,22.21,39.17369,38.929179,45.054843,47.445735,41.105813,18.113491,50.0,
3.313,0.249349,3667.5167,4569.185882,9.319411,26.870046,42.475692,2696.01616,72.318191,120.429059,0.331395,80.32641,48.142028,2624.572659,25.720697,49.78916,3092.623822,23.374807,65.955819,227.923694,341.635285,94.60117,77.294893,32.215806,9.305424,25.903436,7.002246,18.534217,1.732612,33.262368,14.311981,23.257446,1.144263,18.141317,2.366543,4.943702,2.423813,0.033637,0.821996,0.115402,53.738813,44.959684,63.05263,53.979707,24.643558,61.301921,22.21,39.161616,36.242028,46.28916,47.445735,41.105813,18.113491,50.0,
3.327,0.249446,3681.054534,4508.182929,9.387674,26.825826,42.437598,2696.173467,71.813266,120.425225,0.329573,80.330793,50.150036,2624.68236,25.319418,47.938974,3092.369666,23.235581,65.944791,228.382001,341.638495,94.587669,77.301659,32.215806,9.305424,25.903436,7.002246,18.534217,1.732612,33.262368,14.311981,23.257446,1.144263,18.141317,2.366543,4.943702,2.423813,0.033637,0.821996,0.115402,53.738813,44.959684,63.05263,53.979707,24.643558,61.301921,22.21,39.177347,38.250036,44.438974,47.445735,41.105813,18.113491,50.0,
3.341,0.249783,3660.839517,4501.457394,9.389891,26.971199,42.212515,2696.170969,71.621227,120.43677,0.32982,80.334431,50.313242,2625.340861,24.80782,49.601406,3092.594797,23.084411,65.938112,227.794415,341.620469,94.602503,77.294104,32.215806,9.305424,25.903436,7.002246,18.534217,1.732612,33.262368,14.311981,23.257446,1.144263,18.141317,2.366543,4.943702,2.423813,0.033637,0.821996,0.115402,53.738813,44.959684,63.05263,53.979707,24.643558,61.301921,22.21,39.177097,38.413242,46.101406,47.445735,41.105813,18.113491,50.0,
3.355,0.250151,3633.971284,4511.843663,9.361686,26.851987,42.431869,2696.162528,71.732334,120.446263,0.329181,80.348389,50.039,2625.068236,24.890543,51.340699,3092.600731,23.52168,65.929304,229.11499,341.417033,94.587809,77.299654,32.215806,9.305424,25.903436,7.002246,18.534217,1.732612,33.262368,14.311981,23.257446,1.144263,18.141317,2.366543,4.943702,2.423813,0.033637,0.821996,0.115402,53.738813,44.959684,63.05263,53.979707,24.643558,61.301921,22.21,39.176253,38.139,47.840699,47.445735,41.105813,18.113491,50.0,
3.369,0.251066,3661.195239,4565.382638,9.28619,26.78804,42.6369,2695.71692,72.44352,120.431249,0.328606,80.342784,47.750641,2625.546937,25.088967,51.678439,3092.330695,22.981228,65.94144,227.811877,341.239209,94.592781,77.28925,32.215806,9.305424,25.903436,7.002246,18.534217,1.732612,33.262368,14.311981,23.257446,1.144263,18.141317,2.366543,4.943702,2.423813,0.033637,0.821996,0.115402,53.738813,44.959684,63.05263,53.979707,24.643558,61.301921,22.21,39.131692,35.850641,48.178439,47.445735,41.105813,18.113491,50.0,
3.383,0.249976,3662.594598,4493.62598,9.369546,27.15473,41.927759,2696.102429,71.590919,120.44365,0.329377,80.338006,47.61741,2624.756812,25.490198,48.466712,3092.549279,23.091043,65.929493,229.938105,341.450379,94.600686,77.281567,32.215806,9.305424,25.903436,7.002246,18.534217,1.732612,33.262368,14.311981,23.257446,1.144263,18.141317,2.366543,4.943702,2.423813,0.033637,0.821996,0.115402,53.738813,44.959684,63.05263,53.979707,24.643558,61.301921,22.21,39.170243,35.71741,44.966712,47.445735,41.105813,18.113491,50.0,
3.397,0.249734,3662.728013,4507.483989,9.383289,26.814741,42.729934,2696.028494,71.35134,120.43029,0.328002,80.32991,48.460189,2624.752109,25.813691,49.374889,3092.381541,23.14433,65.929829,228.802472,340.827669,94.579786,77.293192,32.215806,9.305424,25.903436,7.002246,18.534217,1.732612,33.262368,14.311981,23.257446,1.144263,18.141317,2.366543,4.943702,2.423813,0.033637,0.821996,0.115402,53.738813,44.959684,63.05263,53.979707,24.643558,61.301921,22.21,39.162849,36.560189,45.874889,47.445735,41.105813,18.113491,50.0,
3.411,0.252542,3687.700048,4513.418681,9.369884,26.298868,42.394425,2696.491421,72.092535,120.442179,0.328788,80.338121,51.167194,2624.803434,24.724904,50.249098,3092.294213,23.000462,65.963623,226.947155,341.194131,94.601163,77.302268,32.002043,9.314184,25.856702,6.87479,18.559905,1.688403,32.957549,14.313475,23.517272,1.137799,18.441187,2.387982,4.885699,2.277561,0.033637,0.821996,0.115402,53.738813,44.959684,63.05263,53.979707,24.643558,61.301921,22.21,39.209142,39.267194,46.749098,47.445735,41.105813,18.113491,50.0,
3.425,0.251059,3657.161833,4481.23836,9.298624,26.959914,42.025669,2696.161239,72.193874,120.433301,0.329439,80.328528,49.599658,2624.945513,24.924152,49.341844,3092.375228,23.046966,65.961069,229.198726,341.344957,94.600313,77.283493,32.002043,9.314184,25.856702,6.87479,18.559905,1.688403,32.957549,14.313475,23.517272,1.137799,18.441187,2.387982,4.885699,2.277561,0.033637,0.821996,0.115402,53.738813,44.959684,63.05263,53.979707,24.643558,61.301921,22.21,39.176124,37.699658,45.841844,47.445735,41.105813,18.113491,50.0,
3.439,0.250854,3664.645101,4491.059993,9.350166,26.759294,42.247187,2696.294955,72.866858,120.438645,0.327676,80.331269,48.858811,2625.389261,25.053577,50.317172,3092.342513,22.605129,65.927413,228.7565,341.526701,94.594493,77.300216,32.002043,9.314184,25.856702,6.87479,18.559905,1.688403,32.957549,14.313475,23.517272,1.137799,18.441187,2.387982,4.885699,2.277561,0.033637,0.821996,0.115402,53.738813,44.959684,63.05263,53.979707,24.643558,61.301921,22.21,39.189496,36.958811,46.817172,47.445735,41.105813,18.113491,50.0,
3.453,0.249228,3687.649854,4537.383578,9.362012,26.873452,42.581605,2696.509099,72.48645,120.425774,0.329069,80.332667,50.759885,2624.875616,24.752041,48.932495,3092.586872,22.994429,65.936522,228.807404,341.517801,94.601203,77.279938,32.002043,9.314184,25.856702,6.87479,18.559905,1.688403,32.957549,14.313475,23.517272,1.137799,18.441187,2.387982,4.885699,2.277561,0.033637,0.821996,0.115402,53.738813,44.959684,63.05263,53.979707,24.643558,61.301921,22.21,39.21091,38.859885,45.432495,47.445735,41.105813,18.113491,50.0,
3.466,0.249028,3658.882051,4469.500212,9.310632,26.629677,42.426358,2696.453138,72.769785,120.437488,0.329599,80.336264,50.270098,2624.773211,24.76813,49.27597,3091.79974,22.677907,65.940888,228.639285,341.60509,94.595657,77.286818,32.002043,9.314184,25.856702,6.87479,18.559905,1.688403,32.957549,14.313475,23.517272,1.137799,18.441187,2.387982,4.885699,2.277561,0.033637,0.821996,0.115402,53.738813,44.959684,63.05263,53.979707,24.643558,61.301921,22.21,39.205314,38.370098,45.77597,47.445735,41.105813,18.113491,50.0,
3.48,0.251062,3652.276453,4505.586493,9.401945,27.0375,41.990877,2695.795602,72.168124,120.444241,0.328661,80.323772,48.642139,2624.432501,24.766699,48.915326,3092.890394,23.03977,65.935582,229.13923,341.275422,94.596307,77.298527,32.002043,9.314184,25.856702,6.87479,18.559905,1.688403,32.957549,14.313475,23.517272,1.137799,18.441187,2.387982,4.885699,2.277561,0.033637,0.821996,0.115402,53.738813,44.959684,63.05263,53.979707,24.643558,61.301921,22.21,39.13956,36.742139,45.415326,47.445735,41.105813,18.113491,50.0,
3.494,0.248252,3644.83883,4520.532078,9.357276,26.914526,42.198809,2696.520156,71.55631,120.412995,0.328625,80.331017,51.342789,2625.760142,25.154599,49.639162,3092.920992,22.883586,65.943257,229.756493,341.603882,94.595829,77.306502,32.002043,9.314184,25.856702,6.87479,18.559905,1.688403,32.957549,14.313475,23.517272,1.137799,18.441187,2.387982,4.885699,2.277561,0.033637,0.821996,0.115402,53.738813,44.959684,63.05263,53.979707,24.643558,61.301921,22.21,39.212016,39.442789,46.139162,47.445735,41.105813,18.113491,50.0,
3.508,0.250511,3616.294303,4514.334271,9.280767,26.740718,42.146406,2696.729071,72.101511,120.425993,0.325246,80.324062,49.354435,2625.239625,25.520032,50.140642,3092.666839,23.339746,65.948837,229.450285,341.336763,94.600336,77.294857,32.353657,9.24868,26.26808,6.793005,18.55959,1.722433,33.055872,14.314832,23.211326,1.012061,18.248098,2.382612,4.830879,2.277846,0.013847,0.804499,0.094319,54.089152,43.652261,63.05263,53.979707,24.643558,61.301921,22.21,39.232907,37.454435,46.640642,47.445735,41.105813,18.113491,50.0,
3.522,0.252099,3648.880095,4498.652439,9.359839,26.697055,42.394112,2696.599386,71.226264,120.414193,0.327776,80.331088,48.550828,2625.715954,24.66318,50.094486,3092.282883,22.961359,65.953528,226.224371,340.977028,94.5838,77.304486,32.353657,9.24868,26.26808,6.793005,18.55959,1.722433,33.055872,14.314832,23.211326,1.012061,18.248098,2.382612,4.830879,2.277846,0.013847,0.804499,0.094319,54.089152,43.652261,63.05263,53.979707,24.643558,61.301921,22.21,39.219939,36.650828,46.594486,47.445735,41.105813,18.113491,50.0,
3.536,0.250959,3652.092841,4532.663967,9.258882,26.610705,42.313042,2696.521203,71.581735,120.420859,0.327503,80.340027,50.324743,2625.209345,24.852792,49.428265,3092.316554,22.805808,65.921384,230.503842,341.350587,94.587665,77.300921,32.353657,9.24868,26.26808,6.793005,18.55959,1.722433,33.055872,14.314832,23.211326,1.012061,18.248098,2.382612,4.830879,2.277846,0.013847,0.804499,0.094319,54.089152,43.652261,63.05263,53.979707,24.643558,61.301921,22.21,39.21212,38.424743,45.928265,47.445735,41.105813,18.113491,50.0,
3.551,0.24921,3667.211024,4548.883873,9.375697,26.884738,42.558786,2696.15019,71.411411,120.442665,0.331431,80.328972,51.160213,2625.046507,24.76941,49.33296,3092.421235,22.859732,65.948249,230.605571,341.096524,94.591793,77.296011,32.353657,9.24868,26.26808,6.793005,18.55959,1.722433,33.055872,14.314832,23.211326,1.012061,18.248098,2.382612,4.830879,2.277846,0.013847,0.804499,0.094319,54.089152,43.652261,63.05263,53.979707,24.643558,61.301921,22.21,39.175019,39.260213,45.83296,47.445735,41.105813,18.113491,50.0,
3.565,0.250513,3672.020678,4523.512193,9.361887,26.782951,42.544773,2696.485829,71.194326,120.442892,0.329409,80.337295,49.333785,2625.749322,25.028322,51.458616,3092.701559,23.47564,65.930256,227.783522,341.791796,94.600761,77.286316,32.353657,9.24868,26.26808,6.793005,18.55959,1.722433,33.055872,14.314832,23.211326,1.012061,18.248098,2.382612,4.830879,2.277846,0.013847,0.804499,0.094319,54.089152,43.652261,63.05263,53.979707,24.643558,61.301921,22.21,39.208583,37.433785,47.958616,47.445735,41.105813,18.113491,50.0,
3.579,0.248933,3653.954762,4537.260213,9.356838,26.80753,42.092979,2696.672893,71.672795,120.409715,0.330204,80.334239,48.674043,2624.746746,24.913787,50.576997,3093.037853,23.263893,65.942215,230.657957,341.242655,94.592716,77.297501,32.353657,9.24868,26.26808,6.793005,18.55959,1.722433,33.055872,14.314832,23.211326,1.012061,18.248098,2.382612,4.830879,2.277846,0.013847,0.804499,0.094319,54.089152,43.652261,63.05263,53.979707,24.643558,61.301921,22.21,39.227289,36.774043,47.076997,47.445735,41.105813,18.113491,50.0,
3.593,0.250208,3617.158597,4522.350476,9.243866,26.819425,41.945458,2696.275678,71.795718,120.422929,0.330401,80.333409,50.568962,2625.292221,25.568693,49.834473,3092.209044,23.015186,65.926035,229.937965,341.495721,94.614948,77.301827,32.353657,9.24868,26.26808,6.793005,18.55959,1.722433,33.055872,14.314832,23.211326,1.012061,18.248098,2.382612,4.830879,2.277846,0.013847,0.804499,0.094319,54.089152,43.652261,63.05263,53.979707,24.643558,61.301921,22.21,39.187568,38.668962,46.334473,47.445735,41.105813,18.113491,50.0,
3.607,0.250714,3646.240428,4490.33581,9.348757,26.694158,42.202818,2696.500756,71.036258,120.439222,0.328442,80.344031,49.361519,2625.040206,25.133239,50.305382,3092.541544,23.064757,65.943345,227.554595,341.657477,94.594179,77.307269,31.958689,9.292548,26.275215,6.910383,19.338447,1.717575,33.172935,14.303798,23.528493,1.148816,18.559384,2.349279,4.814383,2.372709,0.013847,0.804499,0.094319,54.089152,43.652261,63.05263,53.979707,24.643558,61.301921,22.21,39.210076,37.461519,46.805382,47.445735,41.105813,18.113491,50.0,
3.621,0.24992,3686.777027,4489.979051,9.329309,26.595301,42.015719,2696.285922,71.730941,120.432891,0.327051,80.312832,49.175246,2624.759834,24.605125,49.47711,3092.653079,22.749233,65.941168,230.57745,341.109338,94.596582,77.30073,31.958689,9.292548,26.275215,6.910383,19.338447,1.717575,33.172935,14.303798,23.528493,1.148816,18.559384,2.349279,4.814383,2.372709,0.013847,0.804499,0.094319,54.089152,43.652261,63.05263,53.979707,24.643558,61.301921,22.21,39.188592,37.275246,45.97711,47.445735,41.105813,18.113491,50.0,
3.635,0.249567,3659.971828,4498.409403,9.349363,26.759573,42.320462,2695.931402,71.351285,120.440975,0.324111,80.338245,50.832965,2624.656462,25.448833,51.278698,3092.60124,22.720161,65.948308,228.568703,341.142997,94.595791,77.279903,31.958689,9.292548,26.275215,6.910383,19.338447,1.717575,33.172935,14.303798,23.528493,1.148816,18.559384,2.349279,4.814383,2.372709,0.013847,0.804499,0.094319,54.089152,43.652261,63.05263,53.979707,24.643558,61.301921,22.21,39.15314,38.932965,47.778698,47.445735,41.105813,18.113491,50.0,
3.649,0.248755,3660.324832,4499.126863,9.371419,27.076693,42.321823,2696.709487,71.523453,120.436769,0.326002,80.321979,49.660087,2625.73907,25.235342,50.979038,3092.270198,22.88848,65.912662,227.596804,341.250671,94.604307,77.287289,31.958689,9.292548,26.275215,6.910383,19.338447,1.717575,33.172935,14.303798,23.528493,1.148816,18.559384,2.349279,4.814383,2.372709,0.013847,0.804499,0.094319,54.089152,43.652261,63.05263,53.979707,24.643558,61.301921,22.21,39.230949,37.760087,47.479038,47.445735,41.105813,18.113491,50.0,
3.662,0.249329,3641.447382,4455.424986,9.312916,27.298867,41.95419,2695.935211,71.754905,120.445989,0.326908,80.32166,48.753851,2625.533187,25.188653,49.374209,3092.585999,23.355241,65.92271,229.234512,341.20573,94.597233,77.313495,31.958689,9.292548,26.275215,6.910383,19.338447,1.717575,33.172935,14.303798,23.528493,1.148816,18.559384,2.349279,4.814383,2.372709,0.013847,0.804499,0.094319,54.089152,43.652261,63.05263,53.979707,24.643558,61.301921,22.21,39.153521,36.853851,45.874209,47.445735,41.105813,18.113491,50.0,
3.676,0.24997,3642.525072,4489.590429,9.337828,26.716728,42.257105,2696.889205,71.624747,120.429743,0.328852,80.340907,49.697454,2624.803324,25.14071,48.450969,3092.400218,23.053373,65.948601,228.431936,341.271585,94.615789,77.301172,31.958689,9.292548,26.275215,6.910383,19.338447,1.717575,33.172935,14.303798,23.528493,1.148816,18.559384,2.349279,4.814383,2.372709,0.013847,0.804499,0.094319,54.089152,43.652261,63.05263,53.979707,24.643558,61.301921,22.21,39.24892,37.797454,44.950969,47.445735,41.105813,18.113491,50.0,
3.69,0.249631,3699.483621,4540.835951,9.422651,26.425289,42.407621,2696.348737,71.1883,120.449747,0.332196,80.321987,51.229101,2625.226572,25.341599,48.812261,3092.378905,23.489171,65.931926,228.242152,341.343269,94.585546,77.309268,31.958689,9.292548,26.275215,6.910383,19.338447,1.717575,33.172935,14.303798,23.528493,1.148816,18.559384,2.349279,4.814383,2.372709,0.013847,0.804499,0.094319,54.089152,43.652261,63.05263,53.979707,24.643558,61.301921,22.21,39.194874,39.329101,45.312261,47.445735,41.105813,18.113491,50.0,
3.704,0.250234,3674.167042,4505.160304,9.431671,26.644024,41.986361,2695.932844,71.863393,120.441829,0.327075,80.338759,49.964453,2624.700185,25.857602,50.808588,3092.727346,22.681743,65.933981,228.166755,341.723886,94.603217,77.28228,32.146637,9.256446,25.808655,6.810978,18.971009,1.730299,33.049566,14.384591,23.719603,1.115789,18.337605,2.347416,4.888075,2.353903,0.013847,0.804499,0.094319,54.089152,43.652261,63.05263,53.979707,24.643558,61.301921,22.21,39.153284,38.064453,47.308588,47.445735,41.105813,18.113491,50.0,
3.718,0.250218,3695.471712,4485.442002,9.381631,26.653666,41.942244,2696.400568,72.275529,120.435016,0.329116,80.333507,50.596582,2625.316705,25.487965,51.370727,3092.509288,22.845995,65.915722,229.001831,341.372039,94.587773,77.274981,32.146637,9.256446,25.808655,6.810978,18.971009,1.730299,33.049566,14.384591,23.719603,1.115789,18.337605,2.347416,4.888075,2.353903,0.013847,0.804499,0.094319,54.089152,43.652261,63.05263,53.979707,24.643558,61.301921,22.21,39.200057,38.696582,47.870727,47.445735,41.105813,18.113491,50.0,
3.732,0.24955,3678.386256,4516.905113,9.378696,27.191633,41.847208,2696.763178,72.148956,120.431342,0.331611,80.33328,49.972001,2625.65794,25.018249,50.173251,3092.528211,22.614584,65.938561,228.770345,341.42882,94.595638,77.296219,32.146637,9.256446,25.808655,6.810978,18.971009,1.730299,33.049566,14.384591,23.719603,1.115789,18.337605,2.347416,4.888075,2.353903,0.013847,0.804499,0.094319,54.089152,43.652261,63.05263,53.979707,24.643558,61.301921,22.21,39.236318,38.072001,46.673251,47.445735,41.105813,18.113491,50.0,
3.746,0.25123,3665.853533,4510.963928,9.330596,26.859665,42.369256,2695.897486,72.414184,120.410971,0.330096,80.318431,48.861238,2625.362729,25.423073,52.298195,3092.541207,23.073547,65.939102,228.611768,341.259115,94.597438,77.314361,32.146637,9.256446,25.808655,6.810978,18.971009,1.730299,33.049566,14.384591,23.719603,1.115789,18.337605,2.347416,4.888075,2.353903,0.013847,0.804499,0.094319,54.089152,43.652261,63.05263,53.979707,24.643558,61.301921,22.21,39.149749,36.961238,48.798195,47.445735,41.105813,18.113491,50.0,
3.76,0.251219,3631.09852,4532.540488,9.285927,27.046769,42.543232,2696.110773,72.399847,120.441205,0.330279,80.32813,51.119308,2625.364735,25.839443,51.10515,3092.197838,22.40801,65.932992,229.822972,341.614605,94.596984,77.301053,32.146637,9.256446,25.808655,6.810978,18.971009,1.730299,33.049566,14.384591,23.719603,1.115789,18.337605,2.347416,4.888075,2.353903,0.009439,0.814077,0.101076,53.860085,43.869957,63.05263,53.979707,24.643558,61.301921,22.21,39.171077,39.219308,47.60515,47.445735,41.105813,18.113491,50.0,
3.774,0.24956,3636.8855,4496.117003,9.275727,26.956115,42.789073,2696.432537,71.564915,120.429796,0.330035,80.323973,49.608504,2625.193886,25.435415,52.15674,3092.844247,21.935233,65.945352,229.131685,340.93255,94.594987,77.307772,32.146637,9.256446,25.808655,6.810978,18.971009,1.730299,33.049566,14.384591,23.719603,1.115789,18.337605,2.347416,4.888075,2.353903,0.009439,0.814077,0.101076,53.860085,43.869957,63.05263,53.979707,24.643558,61.301921,22.21,39.203254,37.708504,48.65674,47.445735,41.105813,18.113491,50.0,
3.789,0.249868,3650.403044,4527.805743,9.322818,27.102322,42.207867,2695.995862,72.083925,120.42438,0.328334,80.310614,48.631366,2625.16213,25.268351,48.529278,3093.241629,22.824985,65.937526,231.546564,341.235429,94.616324,77.300676,32.146637,9.256446,25.808655,6.810978,18.971009,1.730299,33.049566,14.384591,23.719603,1.115789,18.337605,2.347416,4.888075,2.353903,0.009439,0.814077,0.101076,53.860085,43.869957,63.05263,53.979707,24.643558,61.301921,22.21,39.159586,36.731366,45.029278,47.445735,41.105813,18.113491,50.0,
3.802,0.249811,3654.533156,4507.047064,9.328176,27.06843,42.414274,2696.60557,72.518614,120.414037,0.328951,80.333533,47.891924,2625.605163,25.094221,50.70327,3093.035714,22.834209,65.936788,231.032356,341.500088,94.599321,77.307952,32.008045,9.380478,26.255128,6.821771,19.008927,1.741805,32.944626,14.146295,23.431512,1.229676,18.716283,2.31723,4.937272,2.396127,0.009439,0.814077,0.101076,53.860085,43.869957,63.05263,53.979707,24.643558,61.301921,22.21,39.220557,35.991924,47.20327,47.445735,41.105813,18.113491,50.0,
3.816,0.249366,3661.693427,4562.407514,9.357923,27.070694,42.165832,2696.582809,71.492557,120.435812,0.327151,80.319792,49.319012,2625.393799,25.385977,47.500755,3092.408229,23.071762,65.923227,229.133915,341.237227,94.619709,77.303949,32.008045,9.380478,26.255128,6.821771,19.008927,1.741805,32.944626,14.146295,23.431512,1.229676,18.716283,2.31723,4.937272,2.396127,0.009439,0.814077,0.101076,53.860085,43.869957,63.05263,53.979707,24.643558,61.301921,22.21,39.218281,37.419012,44.000755,47.445735,41.105813,18.113491,50.0,
3.83,0.250805,3667.806565,4501.300362,9.408203,26.871444,42.021935,2695.944534,72.471628,120.43106,0.324889,80.326681,49.830784,2624.883821,25.041801,51.416677,3092.788822,22.682585,65.936625,230.203673,341.405446,94.596277,77.286812,32.008045,9.380478,26.255128,6.821771,19.008927,1.741805,32.944626,14.146295,23.431512,1.229676,18.716283,2.31723,4.937272,2.396127,0.009439,0.814077,0.101076,53.860085,43.869957,63.05263,53.979707,24.643558,61.301921,22.21,39.154453,37.930784,47.916677,47.445735,41.105813,18.113491,50.0,
3.844,0.249044,3650.169453,4511.407088,9.411921,26.58488,42.290728,2696.608694,72.022879,120.432809,0.32961,80.331012,51.13871,2624.717702,25.074651,48.92354,3092.727301,22.702362,65.934416,228.864557,341.544075,94.582148,77.297537,32.008045,9.380478,26.255128,6.821771,19.008927,1.741805,32.944626,14.146295,23.431512,1.229676,18.716283,2.31723,4.937272,2.396127,0.009439,0.814077,0.101076,53.860085,43.869957,63.05263,53.979707,24.643558,61.301921,22.21,39.220869,39.23871,45.42354,47.445735,41.105813,18.113491,50.0,
3.858,0.251336,3678.20979,4492.546409,9.394345,27.138594,42.105583,2696.253327,71.432855,120.431709,0.327073,80.312355,51.596568,2625.713296,25.966162,49.233226,3092.660826,22.90733,65.932145,230.143936,340.98365,94.609687,77.299177,32.008045,9.380478,26.255128,6.821771,19.008927,1.741805,32.944626,14.146295,23.431512,1.229676,18.716283,2.31723,4.937272,2.396127,0.009439,0.814077,0.101076,53.860085,43.869957,63.05263,53.979707,24.643558,61.301921,22.21,39.185333,39.696568,45.733226,47.445735,41.105813,18.113491,50.0,
3.872,0.250058,3660.318486,4509.328307,9.40387,26.543039,42.051341,2696.499944,71.708895,120.435573,0.327783,80.306205,48.918322,2625.160787,24.571378,49.791147,3093.261068,23.389237,65.954412,227.231773,341.083941,94.616865,77.304675,32.008045,9.380478,26.255128,6.821771,19.008927,1.741805,32.944626,14.146295,23.431512,1.229676,18.716283,2.31723,4.937272,2.396127,0.009439,0.814077,0.101076,53.860085,43.869957,63.05263,53.979707,24.643558,61.301921,22.21,39.209994,37.018322,46.291147,47.445735,41.105813,18.113491,50.0,
3.886,0.250113,3671.395071,4481.574677,9.334422,26.782855,42.595714,2696.173156,71.836175,120.429632,0.32808,80.325532,49.468911,2626.020835,25.140002,49.717326,3092.68876,23.02909,65.944393,228.783117,341.356177,94.587016,77.314347,32.008045,9.380478,26.255128,6.821771,19.008927,1.741805,32.944626,14.146295,23.431512,1.229676,18.716283,2.31723,4.937272,2.396127,0.009439,0.814077,0.101076,53.860085,43.869957,63.05263,53.979707,24.643558,61.301921,22.21,39.177316,37.568911,46.217326,47.445735,41.105813,18.113491,50.0,
3.9,0.250847,3677.768257,4465.414095,9.34596,26.821593,42.082142,2696.038507,71.912586,120.439584,0.329538,80.322662,48.944729,2625.004105,25.207848,50.499286,3093.06951,23.289664,65.917409,229.08671,341.590874,94.604244,77.291678,32.008045,9.380478,26.255128,6.821771,19.008927,1.741805,32.944626,14.146295,23.431512,1.229676,18.716283,2.31723,4.937272,2.396127,0.009439,0.814077,0.101076,53.860085,43.869957,63.05263,53.979707,24.643558,61.301921,22.21,39.163851,37.044729,46.999286,47.445735,41.105813,18.113491,50.0,
3.914,0.249613,3687.781446,4475.240312,9.391893,26.75582,42.552503,2696.532971,71.839487,120.440928,0.330344,80.321619,48.711814,2625.862261,25.438053,49.404995,3093.412846,22.737798,65.94272,227.015626,341.378688,94.59497,77.288992,31.934049,9.417104,26.21786,6.727323,18.764488,1.718877,33.000062,14.457603,23.346255,1.12608,18.669269,2.335308,4.906808,2.284545,0.009439,0.814077,0.101076,53.860085,43.869957,63.05263,53.979707,24.643558,61.301921,22.21,39.213297,36.811814,45.904995,47.445735,41.105813,18.113491,50.0,
3.928,0.250064,3669.990667,4516.798394,9.385242,26.865496,41.98835,2696.312126,72.45212,120.429735,0.329452,80.303603,48.65407,2625.334479,25.412133,50.205937,3092.822839,22.455249,65.935903,229.298148,341.265189,94.608634,77.290073,31.934049,9.417104,26.21786,6.727323,18.764488,1.718877,33.000062,14.457603,23.346255,1.12608,18.669269,2.335308,4.906808,2.284545,0.009439,0.814077,0.101076,53.860085,43.869957,63.05263,53.979707,24.643558,61.301921,22.21,39.191213,36.75407,46.705937,47.445735,41.105813,18.113491,50.0,
3.942,0.250874,3689.940122,4506.51468,9.425612,26.973278,42.008968,2696.17126,71.878332,120.444994,0.329459,80.314901,48.934605,2625.49241,25.41565,50.60278,3092.505494,22.689731,65.936437,229.74075,341.493037,94.589672,77.286495,31.934049,9.417104,26.21786,6.727323,18.764488,1.718877,33.000062,14.457603,23.346255,1.12608,18.669269,2.335308,4.906808,2.284545,0.009439,0.814077,0.101076,53.860085,43.869957,63.05263,53.979707,24.643558,61.301921,22.21,39.177126,37.034605,47.10278,47.445735,41.105813,18.113491,50.0,
3.956,0.251204,3650.149197,4553.069393,9.37098,26.949875,42.204262,2696.380385,71.695968,120.442154,0.329994,80.317323,49.094799,2625.409537,25.24343,49.149895,3092.978032,22.673459,65.927082,228.349382,341.380116,94.595711,77.291675,31.934049,9.417104,26.21786,6.727323,18.764488,1.718877,33.000062,14.457603,23.346255,1.12608,18.669269,2.335308,4.906808,2.284545,0.009439,0.814077,0.101076,53.860085,43.869957,63.05263,53.979707,24.643558,61.301921,22.21,39.198038,37.194799,45.649895,47.445735,41.105813,18.113491,50.0,
3.97,0.253325,3654.787968,4503.960559,9.402304,26.827833,42.615371,2696.472668,72.127134,120.433332,0.329972,80.321619,49.017084,2625.081744,25.645533,50.305942,3093.538808,23.201549,65.927125,228.887585,341.482398,94.603395,77.281794,31.934049,9.417104,26.21786,6.727323,18.764488,1.718877,33.000062,14.457603,23.346255,1.12608,18.669269,2.335308,4.906808,2.284545,0.009439,0.814077,0.101076,53.860085,43.869957,63.05263,53.979707,24.643558,61.301921,22.21,39.207267,37.117084,46.805942,47.445735,41.105813,18.113491,50.0,
3.984,0.249308,3641.866192,4485.982585,9.386411,26.901959,42.622615,2696.446305,71.61798,120.424953,0.327136,80.342684,50.09387,2625.421988,25.065132,50.122378,3092.683333,23.309108,65.921244,229.031632,341.049761,94.593042,77.295282,31.934049,9.417104,26.21786,6.727323,18.764488,1.718877,33.000062,14.457603,23.346255,1.12608,18.669269,2.335308,4.906808,2.284545,0.009439,0.814077,0.101076,53.860085,43.869957,63.05263,53.979707,24.643558,61.301921,22.21,39.204631,38.19387,46.622378,47.445735,41.105813,18.113491,50.0,
3.998,0.250251,3669.883869,4482.635471,9.285802,26.811646,42.491966,2696.620202,72.793057,120.449154,0.327964,80.321461,51.601579,2625.844939,25.238582,48.751043,3093.782043,22.776232,65.950506,229.078657,341.124991,94.597152,77.304639,31.934049,9.417104,26.21786,6.727323,18.764488,1.718877,33.000062,14.457603,23.346255,1.12608,18.669269,2.335308,4.906808,2.284545,0.009439,0.814077,0.101076,53.860085,43.869957,63.05263,53.979707,24.643558,61.301921,22.21,39.22202,39.701579,45.251043,47.445735,41.105813,18.113491,50.0,
4.012,0.251581,3680.146829,4521.106953,9.407222,26.596006,42.053908,2696.949858,72.161888,120.440407,0.331979,80.332012,52.545806,2625.324944,25.613483,50.041728,3092.283119,22.334111,65.934714,229.577605,341.526789,94.588554,77.285869,31.895675,8.882587,26.469809,6.903282,18.68529,1.716531,33.043902,14.391543,23.726461,1.280475,18.231368,2.358053,4.931923,2.338509,0.004887,0.797962,0.093691,54.007929,43.528051,63.05263,53.979707,24.643558,61.301921,22.21,39.254986,40.645806,46.541728,47.445735,41.105813,18.113491,50.0,
4.026,0.249484,3645.110673,4496.016308,9.344647,27.005089,42.334521,2696.512153,72.388176,120.448041,0.329664,80.347193,48.233091,2625.094255,25.956514,48.676308,3092.793916,23.225449,65.942786,228.61216,341.12477,94.593698,77.298438,31.895675,8.882587,26.469809,6.903282,18.68529,1.716531,33.043902,14.391543,23.726461,1.280475,18.231368,2.358053,4.931923,2.338509,0.004887,0.797962,0.093691,54.007929,43.528051,63.05263,53.979707,24.643558,61.301921,22.21,39.211215,36.333091,45.176308,47.445735,41.105813,18.113491,50.0,
4.04,0.250154,3667.607721,4544.337772,9.318448,26.891799,42.248854,2697.064719,72.009159,120.439806,0.329695,80.31536,49.823719,2625.57057,25.238766,48.784613,3093.211667,22.47667,65.932529,229.49043,341.325397,94.605024,77.286095,31.895675,8.882587,26.469809,6.903282,18.68529,1.716531,33.043902,14.391543,23.726461,1.280475,18.231368,2.358053,4.931923,2.338509,0.004887,0.797962,0.093691,54.007929,43.528051,63.05263,53.979707,24.643558,61.301921,22.21,39.266472,37.923719,45.284613,47.445735,41.105813,18.113491,50.0,
4.054,0.25029,3662.137971,4539.571346,9.291127,27.098764,42.061677,2696.569016,72.149057,120.447648,0.330746,80.318888,50.556453,2625.324062,25.514759,49.599096,3092.748949,22.80081,65.947391,229.043546,341.371475,94.605031,77.30134,31.895675,8.882587,26.469809,6.903282,18.68529,1.716531,33.043902,14.391543,23.726461,1.280475,18.231368,2.358053,4.931923,2.338509,0.004887,0.797962,0.093691,54.007929,43.528051,63.05263,53.979707,24.643558,61.301921,22.21,39.216902,38.656453,46.099096,47.445735,41.105813,18.113491,50.0,
4.068,0.250193,3669.201425,4487.217029,9.375182,26.878148,42.03329,2696.712592,71.434124,120.454909,0.329759,80.325157,49.555423,2625.466735,25.566529,48.563525,3093.116561,22.916551,65.946592,227.513839,341.10445,94.586221,77.306673,31.895675,8.882587,26.469809,6.903282,18.68529,1.716531,33.043902,14.391543,23.726461,1.280475,18.231368,2.358053,4.931923,2.338509,0.004887,0.797962,0.093691,54.007929,43.528051,63.05263,53.979707,24.643558,61.301921,22.21,39.231259,37.655423,45.063525,47.445735,41.105813,18.113491,50.0,
4.082,0.25131,3660.66307,4526.510468,9.379957,26.447627,42.194227,2696.595432,71.697521,120.433002,0.329712,80.339874,50.695133,2626.025975,25.200477,50.186984,3092.958408,23.169952,65.934354,228.914463,341.200965,94.601538,77.287349,31.895675,8.882587,26.469809,6.903282,18.68529,1.716531,33.043902,14.391543,23.726461,1.280475,18.231368,2.358053,4.931923,2.338509,0.004887,0.797962,0.093691,54.007929,43.528051,63.05263,53.979707,24.643558,61.301921,22.21,39.219543,38.795133,46.686984,47.445735,41.105813,18.113491,50.0,
4.096,0.251173,3665.744178,4517.35804,9.243724,26.970884,42.301633,2696.819637,71.636526,120.443261,0.326761,80.321788,50.168747,2625.486932,25.616651,49.025258,3092.336692,23.471074,65.924555,229.816055,341.722122,94.599076,77.310218,31.895675,8.882587,26.469809,6.903282,18.68529,1.716531,33.043902,14.391543,23.726461,1.280475,18.231368,2.358053,4.931923,2.338509,0.004887,0.797962,0.093691,54.007929,43.528051,63.05263,53.979707,24.643558,61.301921,22.21,39.241964,38.268747,45.525258,47.445735,41.105813,18.113491,50.0,
4.11,0.251688,3637.05164,4501.644958,9.288263,26.804529,42.060492,2696.406442,71.626683,120.418227,0.32936,80.335098,48.231577,2625.473702,25.562966,48.921981,3093.503019,23.585084,65.923575,227.809517,341.274469,94.608489,77.288546,31.812566,9.206376,25.947787,6.558296,18.500306,1.724506,32.748988,14.348341,23.666593,1.166033,18.544938,2.388407,4.856764,2.302381,0.004887,0.797962,0.093691,54.007929,43.528051,63.05263,53.979707,24.643558,61.301921,22.21,39.200644,36.331577,45.421981,47.445735,41.105813,18.113491,50.0,
4.124,0.248905,3667.166195,4481.881934,9.435824,27.001205,42.395792,2696.127178,72.375973,120.412507,0.328538,80.322945,51.785756,2625.524415,25.431368,50.229525,3092.87016,22.414247,65.924844,228.484284,341.488872,94.612493,77.300088,31.812566,9.206376,25.947787,6.558296,18.500306,1.724506,32.748988,14.348341,23.666593,1.166033,18.544938,2.388407,4.856764,2.302381,0.004887,0.797962,0.093691,54.007929,43.528051,63.05263,53.979707,24.643558,61.301921,22.21,39.172718,39.885756,46.729525,47.445735,41.105813,18.113491,50.0,
4.137,0.252583,3661.506243,4490.306019,9.297648,27.047615,42.511395,2696.323211,72.826598,120.43876,0.329134,80.325464,50.636839,2625.579584,24.143524,50.088455,3092.617549,23.65867,65.914727,231.137913,341.464705,94.598679,77.293427,31.812566,9.206376,25.947787,6.558296,18.500306,1.724506,32.748988,14.348341,23.666593,1.166033,18.544938,2.388407,4.856764,2.302381,0.004887,0.797962,0.093691,54.007929,43.528051,63.05263,53.979707,24.643558,61.301921,22.21,39.192321,38.736839,46.588455,47.445735,41.105813,18.113491,50.0,
4.151,0.253107,3679.958673,4506.151837,9.408897,26.54719,42.2445,2696.707019,71.903867,120.438252,0.327809,80.324278,48.944511,2625.548011,25.800407,49.530412,3092.773923,22.551209,65.92378,228.926579,341.298541,94.601152,77.289013,31.812566,9.206376,25.947787,6.558296,18.500306,1.724506,32.748988,14.348341,23.666593,1.166033,18.544938,2.388407,4.856764,2.302381,0.004887,0.797962,0.093691,54.007929,43.528051,63.05263,53.979707,24.643558,61.301921,22.21,39.230702,37.044511,46.030412,47.445735,41.105813,18.113491,50.0,
4.165,0.251306,3681.834932,4485.581639,9.413162,26.775495,42.1103,2696.495194,71.692633,120.43972,0.329791,80.318096,49.233578,2625.456848,24.484618,51.137657,3093.39075,22.626946,65.926367,229.697544,341.157175,94.602384,77.303515,31.812566,9.206376,25.947787,6.558296,18.500306,1.724506,32.748988,14.348341,23.666593,1.166033,18.544938,2.388407,4.856764,2.302381,0.004887,0.797962,0.093691,54.007929,43.528051,63.05263,53.979707,24.643558,61.301921,22.21,39.209519,37.333578,47.637657,47.445735,41.105813,18.113491,50.0,
4.179,0.251083,3635.635019,4478.095425,9.322946,26.569504,42.166538,2696.887943,71.316912,120.434879,0.329526,80.337759,48.775488,2625.624789,24.883668,47.967492,3092.757317,22.707364,65.944045,229.144647,341.481235,94.594876,77.299433,31.812566,9.206376,25.947787,6.558296,18.500306,1.724506,32.748988,14.348341,23.666593,1.166033,18.544938,2.388407,4.856764,2.302381,0.004887,0.797962,0.093691,54.007929,43.528051,63.05263,53.979707,24.643558,61.301921,22.21,39.248794,36.875488,44.467492,47.445735,41.105813,18.113491,50.0,
4.193,0.250335,3653.858934,4533.193196,9.350747,26.994563,41.830698,2696.260564,71.402934,120.427173,0.327066,80.309365,51.747256,2625.647665,24.80173,51.421633,3092.49114,22.569138,65.923124,229.829789,341.52785,94.611127,77.299266,31.812566,9.206376,25.947787,6.558296,18.500306,1.724506,32.748988,14.348341,23.666593,1.166033,18.544938,2.388407,4.856764,2.302381,0.004887,0.797962,0.093691,54.007929,43.528051,63.05263,53.979707,24.643558,61.301921,22.21,39.186056,39.847256,47.921633,47.445735,41.105813,18.113491,50.0,
4.207,0.252589,3681.969231,4524.734384,9.405789,26.390315,42.6631,2696.352425,71.891456,120.425838,0.328257,80.33027,50.190714,2625.760901,25.704549,49.453377,3093.300466,22.573881,65.932174,228.335083,341.2823,94.597504,77.290455,31.869203,9.203129,25.966552,6.889403,18.696516,1.692594,32.970788,14.579622,23.609982,1.216632,18.211456,2.339881,4.936953,2.256376,0.004887,0.797962,0.093691,54.007929,43.528051,63.05263,53.979707,24.643558,61.301921,22.21,39.195242,38.290714,45.953377,47.445735,41.105813,18.113491,50.0,
4.221,0.249245,3625.352082,4534.551149,9.365347,26.706516,42.283561,2696.746174,72.652192,120.434382,0.334339,80.334502,50.692859,2625.24993,25.389343,50.392877,3092.817031,23.294682,65.928964,229.342854,341.429033,94.601416,77.296758,31.869203,9.203129,25.966552,6.889403,18.696516,1.692594,32.970788,14.579622,23.609982,1.216632,18.211456,2.339881,4.936953,2.256376,0.004887,0.797962,0.093691,54.007929,43.528051,63.05263,53.979707,24.643558,61.301921,22.21,39.234617,38.792859,46.892877,47.445735,41.105813,18.113491,50.0,
4.235,0.24864,3691.096261,4490.764398,9.30386,26.789348,42.190811,2696.532243,72.483614,120.446993,0.328678,80.333715,49.95041,2625.569377,25.341769,50.4467,3092.960982,23.011351,65.933276,229.005988,341.343184,94.596275,77.299164,31.869203,9.203129,25.966552,6.889403,18.696516,1.692594,32.970788,14.579622,23.609982,1.216632,18.211456,2.339881,4.936953,2.256376,0.004887,0.797962,0.093691,54.007929,43.528051,63.05263,53.979707,24.643558,61.301921,22.21,39.213224,38.05041,46.9467,47.445735,41.105813,18.113491,50.0,
4.249,0.248673,3667.701768,4508.874132,9.333827,26.479552,42.228405,2696.43532,71.510531,120.44615,0.326734,80.322701,51.139033,2625.347369,25.233877,50.000667,3093.317814,23.294525,65.911913,229.883067,341.45983,94.604581,77.280173,31.869203,9.203129,25.966552,6.889403,18.696516,1.692594,32.970788,14.579622,23.609982,1.216632,18.211456,2.339881,4.936953,2.256376,0.004887,0.797962,0.093691,54.007929,43.528051,63.05263,53.979707,24.643558,61.301921,22.21,39.203532,39.239033,46.500667,47.445735,41.105813,18.113491,50.0,
4.263,0.250232,3658.651424,4504.191865,9.299931,26.832485,42.280407,2696.801422,71.555919,120.42409,0.329882,80.321727,48.014536,2625.587168,25.447687,51.221952,3093.244374,23.012331,65.908329,228.23712,341.193762,94.603064,77.298396,31.869203,9.203129,25.966552,6.889403,18.696516,1.692594,32.970788,14.579622,23.609982,1.216632,18.211456,2.339881,4.936953,2.256376,0.015053,0.828216,0.110422,53.853737,44.522356,63.05263,53.979707,24.643558,61.301921,22.21,39.240142,36.114536,47.721952,47.445735,41.105813,18.113491,50.0,
4.277,0.251428,3668.125871,4510.670727,9.396257,26.612065,42.638297,2696.824885,72.780095,120.434662,0.330137,80.321736,46.956504,2625.410265,25.030856,49.822642,3092.900521,22.766011,65.938284,227.534751,341.203937,94.602353,77.289794,31.869203,9.203129,25.966552,6.889403,18.696516,1.692594,32.970788,14.579622,23.609982,1.216632,18.211456,2.339881,4.936953,2.256376,0.015053,0.828216,0.110422,53.853737,44.522356,63.05263,53.979707,24.643558,61.301921,22.21,39.242489,35.056504,46.322642,47.445735,41.105813,18.113491,50.0,
4.291,0.249469,3662.476083,4514.366627,9.317374,26.973706,42.520425,2696.538506,71.081577,120.435216,0.330196,80.324515,48.904424,2625.441838,24.829475,48.891067,3092.634968,22.943928,65.938635,229.059125,341.3677,94.574022,77.28508,31.869203,9.203129,25.966552,6.889403,18.696516,1.692594,32.970788,14.579622,23.609982,1.216632,18.211456,2.339881,4.936953,2.256376,0.015053,0.828216,0.110422,53.853737,44.522356,63.05263,53.979707,24.643558,61.301921,22.21,39.213851,37.004424,45.391067,47.445735,41.105813,18.113491,50.0,
4.305,0.248963,3659.00012,4509.465136,9.304048,27.137045,42.229616,2696.714032,72.342156,120.427563,0.326747,80.34297,48.131475,2625.336153,25.157001,49.273594,3092.820686,22.767034,65.951836,228.517546,341.558858,94.595981,77.317805,31.904151,9.264606,25.696275,6.80792,18.446488,1.746613,32.968322,14.372946,23.900133,1.220842,18.116785,2.323004,4.901816,2.358461,0.015053,0.828216,0.110422,53.853737,44.522356,63.05263,53.979707,24.643558,61.301921,22.21,39.231403,36.231475,45.773594,47.445735,41.105813,18.113491,50.0,
4.319,0.2521,3636.741201,4473.310206,9.329223,26.55293,41.944858,2696.895266,72.375961,120.44579,0.329498,80.33934,51.384386,2625.04948,24.968484,49.922044,3092.810857,22.985089,65.93059,231.429171,341.446032,94.610512,77.300505,31.904151,9.264606,25.696275,6.80792,18.446488,1.746613,32.968322,14.372946,23.900133,1.220842,18.116785,2.323004,4.901816,2.358461,0.015053,0.828216,0.110422,53.853737,44.522356,63.05263,53.979707,24.643558,61.301921,22.21,39.249527,39.484386,46.422044,47.445735,41.105813,18.113491,50.0,
4.333,0.251416,3648.003767,4517.657229,9.314701,26.862125,42.196787,2696.587044,71.356817,120.426041,0.329117,80.316523,49.196747,2625.324448,25.390969,50.330867,3092.621412,23.269342,65.936583,230.203846,341.316504,94.587573,77.276203,31.904151,9.264606,25.696275,6.80792,18.446488,1.746613,32.968322,14.372946,23.900133,1.220842,18.116785,2.323004,4.901816,2.358461,0.015053,0.828216,0.110422,53.853737,44.522356,63.05263,53.979707,24.643558,61.301921,22.21,39.218704,37.296747,46.830867,47.445735,41.105813,18.113491,50.0,
4.347,0.250211,3670.287817,4527.006205,9.347982,26.629482,42.300231,2696.319377,71.659663,120.455859,0.330767,80.311854,50.34267,2626.111633,25.08075,49.233692,3093.019844,22.55116,65.925989,230.312996,340.934542,94.614663,77.302399,31.904151,9.264606,25.696275,6.80792,18.446488,1.746613,32.968322,14.372946,23.900133,1.220842,18.116785,2.323004,4.901816,2.358461,0.015053,0.828216,0.110422,53.853737,44.522356,63.05263,53.979707,24.643558,61.301921,22.21,39.191938,38.44267,45.733692,47.445735,41.105813,18.113491,50.0,
4.361,0.248184,3663.093351,4517.857135,9.366565,26.985306,42.626237,2697.210049,71.659368,120.432666,0.327016,80.332928,48.544452,2625.500412,25.612259,49.404527,3093.405318,22.703232,65.937887,229.158501,341.430767,94.609282,77.296593,31.904151,9.264606,25.696275,6.80792,18.446488,1.746613,32.968322,14.372946,23.900133,1.220842,18.116785,2.323004,4.901816,2.358461,0.015053,0.828216,0.110422,53.853737,44.522356,63.05263,53.979707,24.643558,61.301921,22.21,39.281005,36.644452,45.904527,47.445735,41.105813,18.113491,50.0,
4.374,0.249079,3661.729845,4491.37416,9.414746,26.918487,42.145671,2696.523587,71.407929,120.43327,0.329309,80.315106,48.908849,2625.943522,24.760113,50.454488,3093.149783,22.765966,65.93524,229.715236,341.271242,94.609743,77.285573,31.904151,9.264606,25.696275,6.80792,18.446488,1.746613,32.968322,14.372946,23.900133,1.220842,18.116785,2.323004,4.901816,2.358461,0.015053,0.828216,0.110422,53.853737,44.522356,63.05263,53.979707,24.643558,61.301921,22.21,39.212359,37.008849,46.954488,47.445735,41.105813,18.113491,50.0,
4.388,0.252273,3678.286775,4496.982601,9.286277,26.538183,42.187338,2696.935739,72.671931,120.427029,0.329591,80.317597,51.423207,2625.539345,25.178088,50.432556,3093.527063,22.294212,65.924509,229.203628,341.328058,94.592138,77.300272,31.904151,9.264606,25.696275,6.80792,18.446488,1.746613,32.968322,14.372946,23.900133,1.220842,18.116785,2.323004,4.901816,2.358461,0.015053,0.828216,0.110422,53.853737,44.522356,63.05263,53.979707,24.643558,61.301921,22.21,39.253574,39.523207,46.932556,47.445735,41.105813,18.113491,50.0,
4.402,0.250805,3648.433682,4506.193183,9.352466,26.594497,41.826881,2696.426754,71.560866,120.434408,0.328658,80.310639,51.430675,2625.527479,24.862056,50.010295,3093.057567,23.359692,65.933367,227.460631,341.328221,94.608178,77.307191,31.758586,9.323473,26.012308,6.889799,18.87125,1.714586,33.098441,14.25307,24.124853,1.313897,18.459395,2.355174,4.943928,2.235005,0.015053,0.828216,0.110422,53.853737,44.522356,63.05263,53.979707,24.643558,61.301921,22.21,39.202675,39.530675,46.510295,47.445735,41.105813,18.113491,50.0,
4.416,0.249821,3687.249409,4491.221175,9.335135,27.170026,42.146275,2696.70514,70.380798,120.443395,0.330267,80.331824,49.485449,2625.879753,24.87985,50.989641,3093.140647,22.820028,65.93089,229.221993,341.619197,94.589047,77.305442,31.758586,9.323473,26.012308,6.889799,18.87125,1.714586,33.098441,14.25307,24.124853,1.313897,18.459395,2.355174,4.943928,2.235005,0.015053,0.828216,0.110422,53.853737,44.522356,63.05263,53.979707,24.643558,61.301921,22.21,39.230514,37.585449,47.489641,47.445735,41.105813,18.113491,50.0,
4.43,0.249168,3666.633496,4473.391746,9.407404,26.842435,42.231661,2696.049423,71.690264,120.438755,0.331531,80.323317,49.771045,2625.226568,25.140003,49.266962,3093.84459,23.525761,65.929317,231.720539,341.22763,94.602054,77.300051,31.758586,9.323473,26.012308,6.889799,18.87125,1.714586,33.098441,14.25307,24.124853,1.313897,18.459395,2.355174,4.943928,2.235005,0.015053,0.828216,0.110422,53.853737,44.522356,63.05263,53.979707,24.643558,61.301921,22.21,39.164942,37.871045,45.766962,47.445735,41.105813,18.113491,50.0,
4.444,0.250947,3672.085942,4469.204894,9.256772,27.357809,42.030722,2696.251684,72.364355,120.438117,0.333015,80.315708,50.950161,2625.380782,25.494524,50.773177,3093.711843,22.506,65.941108,230.035429,341.091657,94.604701,77.298517,31.758586,9.323473,26.012308,6.889799,18.87125,1.714586,33.098441,14.25307,24.124853,1.313897,18.459395,2.355174,4.943928,2.235005,0.015053,0.828216,0.110422,53.853737,44.522356,63.05263,53.979707,24.643558,61.301921,22.21,39.185168,39.050161,47.273177,47.445735,41.105813,18.113491,50.0,
4.458,0.250491,3684.463533,4494.949354,9.383099,26.694182,42.345179,2696.779574,72.140586,120.422713,0.330631,80.307511,50.456085,2625.70138,25.44801,48.335665,3093.203393,23.193943,65.918776,228.198112,341.375854,94.605097,77.276832,31.758586,9.323473,26.012308,6.889799,18.87125,1.714586,33.098441,14.25307,24.124853,1.313897,18.459395,2.355174,4.943928,2.235005,0.015053,0.828216,0.110422,53.853737,44.522356,63.05263,53.979707,24.643558,61.301921,22.21,39.237957,38.556085,44.835665,47.445735,41.105813,18.113491,50.0,
4.472,0.24924,3697.500254,4537.831243,9.43111,26.365115,42.324459,2696.692634,71.231232,120.440856,0.329813,80.328037,48.70333,2625.792724,24.854471,48.406257,3093.503801,23.072679,65.931389,226.582931,341.340377,94.591392,77.295835,31.758586,9.323473,26.012308,6.889799,18.87125,1.714586,33.098441,14.25307,24.124853,1.313897,18.459395,2.355174,4.943928,2.235005,0.015053,0.828216,0.110422,53.853737,44.522356,63.05263,53.979707,24.643558,61.301921,22.21,39.229263,36.80333,44.906257,47.445735,41.105813,18.113491,50.0,
4.486,0.250474,3660.351427,4505.968992,9.291279,27.05226,42.573137,2697.109114,71.474275,120.420631,0.329146,80.305999,49.29938,2625.950991,25.342351,49.215558,3092.78244,23.059503,65.939877,228.23973,341.592859,94.591525,77.300082,31.758586,9.323473,26.012308,6.889799,18.87125,1.714586,33.098441,14.25307,24.124853,1.313897,18.459395,2.355174,4.943928,2.235005,0.015053,0.828216,0.110422,53.853737,44.522356,63.05263,53.979707,24.643558,61.301921,22.21,39.270911,37.39938,45.715558,47.445735,41.105813,18.113491,50.0,
4.5,0.251072,3660.63936,4528.493886,9.489756,26.924729,42.256369,2697.058829,71.831831,120.446708,0.32757,80.322037,49.460731,2625.527521,24.675485,51.114273,3093.045555,23.294054,65.932794,229.099148,341.223894,94.602211,77.293937,31.758586,9.323473,26.012308,6.889799,18.87125,1.714586,33.098441,14.25307,24.124853,1.313897,18.459395,2.355174,4.943928,2.235005,0.015053,0.828216,0.110422,53.853737,44.522356,63.05263,53.979707,24.643558,61.301921,22.21,39.265883,37.560731,47.614273,47.445735,41.105813,18.113491,50.0,
4.514,0.24914,3678.327798,4503.452467,9.367352,26.710303,42.397842,2697.087597,72.749926,120.425205,0.329054,80.30385,51.055077,2625.865365,25.970839,50.311812,3093.66613,22.945896,65.910981,229.266156,341.193752,94.623388,77.290386,32.222997,9.208939,26.12689,6.871587,18.636824,1.71292,32.264524,14.212274,23.642589,1.113597,18.155653,2.354359,4.948005,2.396703,0.022746,0.814116,0.102865,53.308472,42.246579,63.05263,53.979707,24.643558,61.301921,22.21,39.26876,39.155077,46.811812,47.445735,41.105813,18.113491,50.0,
4.528,0.252273,3666.714082,4493.918692,9.253884,26.935729,42.311838,2696.85432,72.175186,120.438651,0.331404,80.323475,49.94966,2625.413793,24.786798,48.997861,3092.809653,22.63255,65.905985,227.896481,341.217104,94.606455,77.294761,32.222997,9.208939,26.12689,6.871587,18.636824,1.71292,32.264524,14.212274,23.642589,1.113597,18.155653,2.354359,4.948005,2.396703,0.022746,0.814116,0.102865,53.308472,42.246579,63.05263,53.979707,24.643558,61.301921,22.21,39.245432,38.04966,45.497861,47.445735,41.105813,18.113491,50.0,
4.542,0.25184,3663.31503,4528.629812,9.281978,27.326044,42.089,2696.351409,71.817197,120.445405,0.327756,80.3037,50.448245,2625.753592,24.536986,49.01291,3093.645603,23.278246,65.922361,228.963558,341.503993,94.572586,77.306358,32.222997,9.208939,26.12689,6.871587,18.636824,1.71292,32.264524,14.212274,23.642589,1.113597,18.155653,2.354359,4.948005,2.396703,0.022746,0.814116,0.102865,53.308472,42.246579,63.05263,53.979707,24.643558,61.301921,22.21,39.195141,38.548245,45.51291,47.445735,41.105813,18.113491,50.0,
4.556,0.250843,3638.101201,4519.937788,9.351423,27.004567,42.374152,2697.020312,71.879388,120.441577,0.331394,80.33684,48.981291,2625.694847,25.450803,49.747998,3092.989273,22.996832,65.931747,228.579969,341.605972,94.601366,77.290419,32.222997,9.208939,26.12689,6.871587,18.636824,1.71292,32.264524,14.212274,23.642589,1.113597,18.155653,2.354359,4.948005,2.396703,0.022746,0.814116,0.102865,53.308472,42.246579,63.05263,53.979707,24.643558,61.301921,22.21,39.262031,37.081291,46.247998,47.445735,41.105813,18.113491,50.0,
4.57,0.250334,3647.4987,4504.392248,9.306074,26.88666,42.129184,2696.84996,72.0749,120.423105,0.328656,80.337024,50.385398,2625.946135,25.611198,50.768682,3093.275305,23.3851,65.920493,229.291536,341.311046,94.602343,77.291834,32.222997,9.208939,26.12689,6.871587,18.636824,1.71292,32.264524,14.212274,23.642589,1.113597,18.155653,2.354359,4.948005,2.396703,0.022746,0.814116,0.102865,53.308472,42.246579,63.05263,53.979707,24.643558,61.301921,22.21,39.244996,38.485398,47.268682,47.445735,41.105813,18.113491,50.0,
4.584,0.250598,3645.433247,4507.418369,9.27926,27.012634,41.99363,2697.126416,71.819798,120.45821,0.32943,80.317092,48.653159,2625.70688,25.226549,51.472422,3092.944203,23.47791,65.930299,229.041517,341.08212,94.597801,77.292871,32.222997,9.208939,26.12689,6.871587,18.636824,1.71292,32.264524,14.212274,23.642589,1.113597,18.155653,2.354359,4.948005,2.396703,0.022746,0.814116,0.102865,53.308472,42.246579,63.05263,53.979707,24.643558,61.301921,22.21,39.272642,36.753159,47.972422,47.445735,41.105813,18.113491,50.0,
4.598,0.250698,3656.593502,4505.811488,9.295887,26.892517,42.204943,2696.871514,71.948429,120.436597,0.33047,80.317095,49.654044,2625.793741,25.574161,49.865322,3093.128394,23.317671,65.931353,230.626034,341.275681,94.603015,77.290988,32.222997,9.208939,26.12689,6.871587,18.636824,1.71292,32.264524,14.212274,23.642589,1.113597,18.155653,2.354359,4.948005,2.396703,0.022746,0.814116,0.102865,53.308472,42.246579,63.05263,53.979707,24.643558,61.301921,22.21,39.247151,37.754044,46.365322,47.445735,41.105813,18.113491,50.0,
4.612,0.250193,3671.698665,4500.845818,9.411087,26.710154,41.977594,2697.002665,71.661945,120.430507,0.328627,80.335693,48.191678,2625.916268,24.760396,50.779471,3093.25304,22.534479,65.949855,227.784509,341.314972,94.593332,77.295448,32.52699,9.225343,26.322564,6.776745,18.485208,1.683054,32.931539,14.393303,24.000408,1.325155,18.337601,2.341414,4.838384,2.368274,0.022746,0.814116,0.102865,53.308472,42.246579,63.05263,53.979707,24.643558,61.301921,22.21,39.260266,36.291678,47.279471,47.445735,41.105813,18.113491,50.0,
4.626,0.251816,3668.398715,4520.53801,9.281883,27.206141,42.259931,2696.588305,72.781039,120.431732,0.331855,80.320067,48.600275,2625.426756,25.029233,49.244891,3093.173947,23.165747,65.937476,228.299177,341.253076,94.579906,77.292953,32.52699,9.225343,26.322564,6.776745,18.485208,1.683054,32.931539,14.393303,24.000408,1.325155,18.337601,2.341414,4.838384,2.368274,0.022746,0.814116,0.102865,53.308472,42.246579,63.05263,53.979707,24.643558,61.301921,22.21,39.218831,36.700275,45.744891,47.445735,41.105813,18.113491,50.0,
4.64,0.250862,3655.975719,4504.673561,9.328899,27.076428,42.030356,2696.611532,71.693345,120.422495,0.327448,80.309608,49.642877,2625.83889,25.057869,51.227829,3092.747411,22.842537,65.923504,228.386157,341.137637,94.588131,77.318514,32.52699,9.225343,26.322564,6.776745,18.485208,1.683054,32.931539,14.393303,24.000408,1.325155,18.337601,2.341414,4.838384,2.368274,0.022746,0.814116,0.102865,53.308472,42.246579,63.05263,53.979707,24.643558,61.301921,22.21,39.221153,37.742877,47.727829,47.445735,41.105813,18.113491,50.0,
4.654,0.248831,3638.929675,4524.752472,9.414636,26.981896,42.38952,2696.852295,71.52429,120.425568,0.329054,80.347164,48.574138,2625.454442,25.116105,50.088392,3093.214952,22.777625,65.93002,228.33575,341.028596,94.590506,77.294633,32.52699,9.225343,26.322564,6.776745,18.485208,1.683054,32.931539,14.393303,24.000408,1.325155,18.337601,2.341414,4.838384,2.368274,0.022746,0.814116,0.102865,53.308472,42.246579,63.05263,53.979707,24.643558,61.301921,22.21,39.245229,36.674138,46.588392,47.445735,41.105813,18.113491,50.0,
4.668,0.249623,3675.760585,4520.274742,9.401594,26.974848,42.549423,2696.78924,72.898907,120.423519,0.330053,80.34526,51.647127,2625.553702,24.878165,52.08521,3093.143937,22.962853,65.919346,229.586659,341.377741,94.609531,77.283808,32.52699,9.225343,26.322564,6.776745,18.485208,1.683054,32.931539,14.393303,24.000408,1.325155,18.337601,2.341414,4.838384,2.368274,0.022746,0.814116,0.102865,53.308472,42.246579,63.05263,53.979707,24.643558,61.301921,22.21,39.238924,39.747127,48.58521,47.445735,41.105813,18.113491,50.0,
4.681,0.250605,3656.855002,4535.876721,9.334183,26.807667,42.483327,2697.499194,72.886828,120.441339,0.329011,80.324117,49.685536,2624.993787,24.845013,48.75727,3093.087151,23.173672,65.944406,230.084551,341.717735,94.605114,77.295291,32.52699,9.225343,26.322564,6.776745,18.485208,1.683054,32.931539,14.393303,24.000408,1.325155,18.337601,2.341414,4.838384,2.368274,0.022746,0.814116,0.102865,53.308472,42.246579,63.05263,53.979707,24.643558,61.301921,22.21,39.309919,37.785536,45.25727,47.445735,41.105813,18.113491,50.0,
4.695,0.251205,3643.595779,4507.986284,9.362285,26.970437,42.379283,2696.703409,71.964338,120.432491,0.328793,80.325945,50.738233,2625.584576,24.551036,49.915656,3093.032594,22.887774,65.956401,229.411131,341.250653,94.576118,77.280986,32.52699,9.225343,26.322564,6.776745,18.485208,1.683054,32.931539,14.393303,24.000408,1.325155,18.337601,2.341414,4.838384,2.368274,0.022746,0.814116,0.102865,53.308472,42.246579,63.05263,53.979707,24.643558,61.301921,22.21,39.230341,38.838233,46.415656,47.445735,41.105813,18.113491,50.0,
4.709,0.250723,3669.801757,4496.578046,9.36035,26.645329,42.131916,2696.625841,71.559648,120.423311,0.326727,80.312783,51.027641,2625.812699,25.045949,47.953415,3093.819024,23.324901,65.920797,228.527039,341.516266,94.598867,77.297331,31.999179,9.401182,25.877185,6.91381,18.316211,1.667082,32.890506,14.333252,23.948212,1.130196,18.193898,2.379557,4.850315,2.362473,0.022746,0.814116,0.102865,53.308472,42.246579,63.05263,53.979707,24.643558,61.301921,22.21,39.222584,39.127641,44.453415,47.445735,41.105813,18.113491,50.0,
4.723,0.250689,3646.118324,4507.309239,9.302113,27.130115,41.969314,2697.059768,72.30019,120.444394,0.32765,80.333635,49.091515,2626.406788,24.958331,49.349728,3093.119721,23.278787,65.926621,227.888472,341.338403,94.601807,77.2965,31.999179,9.401182,25.877185,6.91381,18.316211,1.667082,32.890506,14.333252,23.948212,1.130196,18.193898,2.379557,4.850315,2.362473,0.022746,0.814116,0.102865,53.308472,42.246579,63.05263,53.979707,24.643558,61.301921,22.21,39.265977,37.191515,45.849728,47.445735,41.105813,18.113491,50.0,
4.737,0.252615,3687.364888,4519.184288,9.309468,26.841082,41.925253,2697.103239,71.404883,120.425382,0.330624,80.312064,51.020449,2625.90062,24.645604,50.36804,3092.986619,22.709606,65.916804,228.501744,341.44031,94.579597,77.28918,31.999179,9.401182,25.877185,6.91381,18.316211,1.667082,32.890506,14.333252,23.948212,1.130196,18.193898,2.379557,4.850315,2.362473,0.022746,0.814116,0.102865,53.308472,42.246579,63.05263,53.979707,24.643558,61.301921,22.21,39.270324,39.120449,46.86804,47.445735,41.105813,18.113491,50.0,
4.751,0.250832,3663.688733,4511.332336,9.259417,26.665196,41.944479,2697.011591,71.323368,120.430713,0.328946,80.313403,51.845044,2625.529543,25.22306,48.476858,3093.187469,22.744177,65.933955,226.687438,341.244951,94.600549,77.297264,31.999179,9.401182,25.877185,6.91381,18.316211,1.667082,32.890506,14.333252,23.948212,1.130196,18.193898,2.379557,4.850315,2.362473,0.022746,0.814116,0.102865,53.308472,42.246579,63.05263,53.979707,24.643558,61.301921,22.21,39.261159,39.945044,44.976858,47.445735,41.105813,18.113491,50.0,
4.765,0.251998,3677.63728,4521.087202,9.403119,27.120328,42.609782,2696.616645,72.072198,120.420596,0.32615,80.315326,50.343154,2625.265751,25.792284,49.389378,3093.564673,23.52581,65.934873,228.683815,341.568166,94.596695,77.293936,31.999179,9.401182,25.877185,6.91381,18.316211,1.667082,32.890506,14.333252,23.948212,1.130196,18.193898,2.379557,4.850315,2.362473,-0.001347,0.788946,0.100708,53.251534,43.934496,63.05263,53.979707,24.643558,61.301921,22.21,39.221665,38.443154,45.889378,47.445735,41.105813,18.113491,50.0,
4.779,0.250051,3653.806218,4472.891623,9.359962,27.483163,41.885256,2696.987233,70.988409,120.438571,0.32804,80.331549,49.713942,2625.713379,24.206072,50.492698,3093.186145,23.420736,65.918819,228.390403,341.387894,94.600929,77.310958,31.999179,9.401182,25.877185,6.91381,18.316211,1.667082,32.890506,14.333252,23.948212,1.130196,18.193898,2.379557,4.850315,2.362473,-0.001347,0.788946,0.100708,53.251534,43.934496,63.05263,53.979707,24.643558,61.301921,22.21,39.258723,37.813942,46.992698,47.445735,41.105813,18.113491,50.0,
4.793,0.249627,3676.15289,4504.166746,9.487264,26.824585,42.267555,2696.506952,71.45247,120.422601,0.329307,80.316667,49.877105,2625.916574,25.112487,51.228109,3093.574091,23.415161,65.945555,228.516086,341.228562,94.582224,77.278009,31.999179,9.401182,25.877185,6.91381,18.316211,1.667082,32.890506,14.333252,23.948212,1.130196,18.193898,2.379557,4.850315,2.362473,-0.001347,0.788946,0.100708,53.251534,43.934496,63.05263,53.979707,24.643558,61.301921,22.21,39.210695,37.977105,47.728109,47.445735,41.105813,18.113491,50.0,
4.807,0.249959,3641.081483,4508.110273,9.371537,27.024228,42.575421,2696.180753,72.315596,120.424976,0.329589,80.320465,50.317285,2626.118659,24.868365,50.424293,3092.883371,23.491907,65.943202,229.763885,341.546783,94.623147,77.291799,32.343631,9.124766,25.983295,6.755138,18.355291,1.695935,33.051998,14.294693,24.219125,1.335448,18.38864,2.299698,4.859155,2.384144,-0.001347,0.788946,0.100708,53.251534,43.934496,63.05263,53.979707,24.643558,61.301921,22.21,39.178075,38.417285,46.924293,47.445735,41.105813,18.113491,50.0,
4.821,0.251606,3667.244806,4505.93691,9.400262,26.446604,42.10915,2697.000981,71.797934,120.434105,0.329809,80.322044,49.065948,2626.341091,24.819599,46.832176,3092.76414,23.074085,65.92998,228.768135,341.210932,94.613339,77.288861,32.343631,9.124766,25.983295,6.755138,18.355291,1.695935,33.051998,14.294693,24.219125,1.335448,18.38864,2.299698,4.859155,2.384144,-0.001347,0.788946,0.100708,53.251534,43.934496,63.05263,53.979707,24.643558,61.301921,22.21,39.260098,37.165948,43.332176,47.445735,41.105813,18.113491,50.0,
4.835,0.250762,3670.398362,4531.67175,9.407258,26.770891,42.573273,2696.910168,72.40602,120.415717,0.331434,80.32086,47.703924,2625.65718,25.705801,51.658111,3093.548368,23.042221,65.92458,230.072851,341.115064,94.627155,77.297515,32.343631,9.124766,25.983295,6.755138,18.355291,1.695935,33.051998,14.294693,24.219125,1.335448,18.38864,2.299698,4.859155,2.384144,-0.001347,0.788946,0.100708,53.251534,43.934496,63.05263,53.979707,24.643558,61.301921,22.21,39.251017,35.803924,48.158111,47.445735,41.105813,18.113491,50.0,
4.849,0.250728,3646.042154,4513.814794,9.380025,26.989938,42.4365,2696.742695,72.515801,120.448009,0.328045,80.313601,50.0609,2626.43395,25.353158,52.41538,3093.761231,22.831599,65.919771,228.822327,341.454711,94.602093,77.30526,32.343631,9.124766,25.983295,6.755138,18.355291,1.695935,33.051998,14.294693,24.219125,1.335448,18.38864,2.299698,4.859155,2.384144,-0.001347,0.788946,0.100708,53.251534,43.934496,63.05263,53.979707,24.643558,61.301921,22.21,39.23427,38.1609,48.91538,47.445735,41.105813,18.113491,50.0,
4.863,0.250004,3661.676179,4534.86604,9.406064,26.628173,42.070361,2696.452266,72.002491,120.438599,0.326925,80.309359,49.812739,2625.59318,25.213949,50.101692,3093.170392,23.062474,65.927108,229.301816,341.350768,94.595655,77.289598,32.343631,9.124766,25.983295,6.755138,18.355291,1.695935,33.051998,14.294693,24.219125,1.335448,18.38864,2.299698,4.859155,2.384144,-0.001347,0.788946,0.100708,53.251534,43.934496,63.05263,53.979707,24.643558,61.301921,22.21,39.205227,37.912739,46.601692,47.445735,41.105813,18.113491,50.0,
4.877,0.248289,3676.800439,4479.32549,9.272874,26.633393,42.264352,2697.385737,71.740702,120.434645,0.330034,80.322831,51.781464,2625.675274,25.228789,48.309136,3093.422089,22.907108,65.930106,226.650606,341.55796,94.58534,77.308027,32.343631,9.124766,25.983295,6.755138,18.355291,1.695935,33.051998,14.294693,24.219125,1.335448,18.38864,2.299698,4.859155,2.384144,-0.001347,0.788946,0.100708,53.251534,43.934496,63.05263,53.979707,24.643558,61.301921,22.21,39.298574,39.881464,44.809136,47.445735,41.105813,18.113491,50.0,
4.891,0.250084,3650.914934,4517.693143,9.317956,26.96213,42.334571,2697.364101,72.604609,120.443188,0.332047,80.32053,50.748124,2625.098885,25.272932,49.785115,3092.597047,23.06463,65.924881,230.940487,341.033837,94.618648,77.298048,32.343631,9.124766,25.983295,6.755138,18.355291,1.695935,33.051998,14.294693,24.219125,1.335448,18.38864,2.299698,4.859155,2.384144,-0.001347,0.788946,0.100708,53.251534,43.934496,63.05263,53.979707,24.643558,61.301921,22.21,39.29641,38.848124,46.285115,47.445735,41.105813,18.113491,50.0,
4.905,0.248715,3680.652701,4503.196026,9.399906,27.097416,42.427109,2696.31247,72.55443,120.43933,0.332428,80.310335,49.297849,2625.558093,24.607865,49.422724,3092.984065,22.654219,65.913836,227.579345,341.349879,94.598195,77.29549,32.567106,9.444057,26.156808,6.924281,18.774787,1.7152,33.123843,14.209237,23.842756,1.240316,18.324617,2.37797,4.857864,2.366064,-0.001347,0.788946,0.100708,53.251534,43.934496,63.05263,53.979707,24.643558,61.301921,22.21,39.191247,37.397849,45.922724,47.445735,41.105813,18.113491,50.0,
4.919,0.246877,3643.888533,4510.779255,9.399339,27.096988,41.846866,2696.999642,72.340768,120.420245,0.327147,80.313445,49.317083,2625.524796,25.364326,48.94963,3093.379908,22.96997,65.915699,228.552031,341.24552,94.600362,77.294858,32.567106,9.444057,26.156808,6.924281,18.774787,1.7152,33.123843,14.209237,23.842756,1.240316,18.324617,2.37797,4.857864,2.366064,-0.001347,0.788946,0.100708,53.251534,43.934496,63.05263,53.979707,24.643558,61.301921,22.21,39.259964,37.417083,45.44963,47.445735,41.105813,18.113491,50.0,
4.932,0.250543,3652.15729,4525.620804,9.308212,26.905886,42.284185,2696.266066,72.577381,120.424164,0.326894,80.313357,49.30231,2625.717231,25.489578,49.584399,3093.777197,22.606054,65.933969,230.612926,341.183805,94.586784,77.297998,32.567106,9.444057,26.156808,6.924281,18.774787,1.7152,33.123843,14.209237,23.842756,1.240316,18.324617,2.37797,4.857864,2.366064,-0.001347,0.788946,0.100708,53.251534,43.934496,63.05263,53.979707,24.643558,61.301921,22.21,39.186607,37.40231,46.084399,47.445735,41.105813,18.113491,50.0,
4.946,0.251287,3652.860895,4486.701103,9.285942,27.130247,42.238529,2696.95431,71.881681,120.436407,0.329843,80.3164,50.781397,2625.748887,25.218407,50.997343,3093.012195,22.857512,65.927666,231.295775,341.364414,94.598906,77.281618,32.567106,9.444057,26.156808,6.924281,18.774787,1.7152,33.123843,14.209237,23.842756,1.240316,18.324617,2.37797,4.857864,2.366064,-0.001347,0.788946,0.100708,53.251534,43.934496,63.05263,53.979707,24.643558,61.301921,22.21,39.255431,38.881397,47.497343,47.445735,41.105813,18.113491,50.0,
